{"cameraMode":{"drawMode":0,"name":"Shaded","section":"Shading Mode"},"sceneLighting":false,"audioPlay":false,"sceneViewState":{"m_AlwaysRefresh":false,"showFog":true,"showSkybox":false,"showFlares":true,"showImageEffects":true,"showParticleSystems":true,"showVisualEffectGraphs":true,"m_FxEnabled":true},"in2DMode":false,"pivot":{"x":-148.06362915039063,"y":772.5426025390625,"z":1.1782296895980836},"rotation":{"x":0.07556795328855515,"y":-0.005306251347064972,"z":-0.0007134542101994157,"w":0.9974626898765564},"size":216.01373291015626,"orthographic":false}