{"cameraMode":{"drawMode":0,"name":"Shaded","section":"Shading Mode"},"sceneLighting":false,"audioPlay":false,"sceneViewState":{"m_AlwaysRefresh":false,"showFog":true,"showSkybox":false,"showFlares":true,"showImageEffects":true,"showParticleSystems":true,"showVisualEffectGraphs":true,"m_FxEnabled":true},"in2DMode":false,"pivot":{"x":0.8999029994010925,"y":-0.3715398907661438,"z":-4.920000076293945},"rotation":{"x":0.16326823830604554,"y":-0.7616201639175415,"z":0.21025627851486207,"w":0.5910719037055969},"size":0.4287043809890747,"orthographic":false}