{"cameraMode":{"drawMode":0,"name":"Shaded","section":"Shading Mode"},"sceneLighting":true,"audioPlay":false,"sceneViewState":{"m_AlwaysRefresh":false,"showFog":true,"showSkybox":true,"showFlares":true,"showImageEffects":true,"showParticleSystems":true,"showVisualEffectGraphs":true,"m_FxEnabled":true},"in2DMode":false,"pivot":{"x":0.011157602071762085,"y":1.1629760265350342,"z":-0.30154353380203249},"rotation":{"x":-0.21803413331508637,"y":0.4955863952636719,"z":-0.1287480890750885,"w":-0.8312159180641174},"size":1.0175327062606812,"orthographic":false}