{"cameraMode":{"drawMode":0,"name":"Shaded","section":"Shading Mode"},"sceneLighting":true,"audioPlay":false,"sceneViewState":{"m_AlwaysRefresh":false,"showFog":true,"showSkybox":true,"showFlares":true,"showImageEffects":true,"showParticleSystems":true,"showVisualEffectGraphs":true,"m_FxEnabled":true},"in2DMode":false,"pivot":{"x":400.68731689453127,"y":393.76385498046877,"z":-30.55181884765625},"rotation":{"x":-0.050241854041814807,"y":-0.06396347284317017,"z":0.0041629173792898659,"w":-0.9970061779022217},"size":394.04425048828127,"orthographic":false}