{"cameraMode":{"drawMode":0,"name":"Shaded","section":"Shading Mode"},"sceneLighting":true,"audioPlay":false,"sceneViewState":{"m_AlwaysRefresh":false,"showFog":true,"showSkybox":true,"showFlares":true,"showImageEffects":true,"showParticleSystems":true,"showVisualEffectGraphs":true,"m_FxEnabled":true},"in2DMode":false,"pivot":{"x":319.3846435546875,"y":270.9178466796875,"z":0.0035692453384399416},"rotation":{"x":0.02159671112895012,"y":0.015746938064694406,"z":-0.0013713648077100516,"w":0.9999797940254211},"size":321.702880859375,"orthographic":false}